-- phpMyAdmin SQL Dump
-- version 3.3.9
-- http://www.phpmyadmin.net
--
-- Host: localhost
-- Generation Time: Aug 01, 2012 at 03:33 PM
-- Server version: 5.5.8
-- PHP Version: 5.3.5

SET SQL_MODE="NO_AUTO_VALUE_ON_ZERO";


/*!40101 SET @OLD_CHARACTER_SET_CLIENT=@@CHARACTER_SET_CLIENT */;
/*!40101 SET @OLD_CHARACTER_SET_RESULTS=@@CHARACTER_SET_RESULTS */;
/*!40101 SET @OLD_COLLATION_CONNECTION=@@COLLATION_CONNECTION */;
/*!40101 SET NAMES utf8 */;

--
-- Database: `videoanalysis`
--

-- --------------------------------------------------------

--
-- Table structure for table `event`
--

CREATE TABLE IF NOT EXISTS `event` (
  `id` int(10) NOT NULL AUTO_INCREMENT,
  `viewerId` int(10) NOT NULL,
  `event` enum('play','pause','seekstart','seekend','end') NOT NULL,
  `currentTime` float NOT NULL,
  `bufferedStart` float NOT NULL,
  `bufferedEnd` float NOT NULL,
  `paused` tinyint(1) NOT NULL DEFAULT '0',
  `seeking` tinyint(1) NOT NULL DEFAULT '0',
  PRIMARY KEY (`id`),
  KEY `viewerId` (`viewerId`)
) ENGINE=InnoDB  DEFAULT CHARSET=latin1 AUTO_INCREMENT=710 ;

--
-- Dumping data for table `event`
--

INSERT INTO `event` (`id`, `viewerId`, `event`, `currentTime`, `bufferedStart`, `bufferedEnd`, `paused`, `seeking`) VALUES
(1, 2, 'play', 0, 0, 0, 0, 0),
(2, 2, 'pause', 1.22867, 0, 6.04771, 0, 0),
(3, 2, 'seekstart', 1.22867, 0, 0, 0, 0),
(4, 2, 'seekend', 0.74762, 0, 0, 0, 0),
(5, 2, 'play', 0.74762, 0, 0, 0, 0),
(6, 2, 'seekstart', 1.93167, 0, 0, 0, 0),
(7, 2, 'seekend', 0.801021, 0, 0, 0, 0),
(8, 2, 'seekstart', 2.005, 0, 0, 0, 0),
(9, 2, 'seekend', 0.974576, 0, 0, 0, 0),
(10, 2, 'seekstart', 3.678, 0, 0, 0, 0),
(11, 2, 'seekend', 4.57917, 0, 0, 0, 0),
(12, 2, 'seekstart', 5.20033, 0, 0, 0, 0),
(13, 2, 'seekend', 3.83155, 0, 0, 0, 0),
(14, 2, 'seekstart', 5.47767, 0, 0, 0, 0),
(15, 2, 'seekend', 3.8716, 0, 0, 0, 0),
(16, 2, 'seekstart', 5.02333, 0, 0, 0, 0),
(17, 2, 'seekend', 3.91165, 0, 0, 0, 0),
(18, 2, 'pause', 6.04771, 0, 6.04771, 0, 0),
(19, 2, 'end', 6.04771, 0, 0, 0, 0),
(20, 2, 'seekstart', 6.04771, 0, 0, 0, 0),
(21, 2, 'seekend', 4.39227, 0, 0, 0, 0),
(22, 2, 'play', 4.39227, 0, 0, 0, 0),
(23, 2, 'pause', 6.04771, 0, 6.04771, 0, 0),
(24, 2, 'end', 6.04771, 0, 0, 0, 0),
(25, 2, 'seekstart', 1.96033, 0, 0, 0, 0),
(26, 2, 'seekend', 0.867773, 0, 0, 0, 0),
(27, 2, 'seekstart', 3.31667, 0, 0, 0, 0),
(28, 2, 'seekend', 1.56199, 0, 0, 0, 0),
(29, 2, 'seekstart', 3.00367, 0, 0, 0, 0),
(30, 2, 'seekend', 0.347109, 0, 0, 0, 0),
(31, 2, 'pause', 6.04771, 0, 6.04771, 0, 0),
(32, 2, 'end', 6.04771, 0, 0, 0, 0),
(33, 2, 'seekstart', 6.04771, 0, 0, 0, 0),
(34, 2, 'seekend', 5.7273, 0, 0, 0, 0),
(35, 2, 'play', 5.7273, 0, 0, 0, 0),
(36, 2, 'pause', 6.04771, 0, 6.04771, 0, 0),
(37, 2, 'end', 6.04771, 0, 0, 0, 0),
(38, 2, 'seekstart', 6.04771, 0, 0, 0, 0),
(39, 2, 'seekend', 0.547365, 0, 0, 0, 0),
(40, 2, 'play', 0.547365, 0, 0, 0, 0),
(41, 2, 'seekstart', 3.44467, 0, 0, 0, 0),
(42, 2, 'seekend', 5.87416, 0, 0, 0, 0),
(43, 2, 'pause', 6.04771, 0, 6.04771, 0, 0),
(44, 2, 'end', 6.04771, 0, 0, 0, 0),
(45, 2, 'seekstart', 6.04771, 0, 0, 0, 0),
(46, 2, 'seekend', 0, 0, 0, 0, 0),
(47, 2, 'play', 0, 0, 0, 0, 0),
(48, 2, 'seekstart', 0.451333, 0, 0, 0, 0),
(49, 2, 'seekend', 0.953333, 0, 0, 0, 0),
(50, 2, 'seekstart', 2.46233, 0, 0, 0, 0),
(51, 2, 'seekend', 5.84746, 0, 0, 0, 0),
(52, 2, 'pause', 6.04771, 0, 6.04771, 0, 0),
(53, 2, 'end', 6.04771, 0, 0, 0, 0),
(54, 3, 'seekstart', 0, 0, 0, 0, 0),
(55, 3, 'seekend', 5.76735, 0, 0, 0, 0),
(56, 3, 'play', 5.76735, 0, 0, 0, 0),
(57, 3, 'pause', 6.04771, 0, 6.04771, 0, 0),
(58, 3, 'end', 6.04771, 0, 0, 0, 0),
(59, 3, 'seekstart', 6.04771, 0, 0, 0, 0),
(60, 3, 'seekend', 0, 0, 0, 0, 0),
(61, 3, 'play', 0, 0, 0, 0, 0),
(62, 3, 'seekstart', 2.21967, 0, 0, 0, 0),
(63, 3, 'seekend', 2.72, 0, 0, 0, 0),
(64, 3, 'seekstart', 2.96133, 0, 0, 0, 0),
(65, 3, 'seekend', 1.97567, 0, 0, 0, 0),
(66, 3, 'seekstart', 2.22633, 0, 0, 0, 0),
(67, 3, 'seekend', 5.52705, 0, 0, 0, 0),
(68, 3, 'pause', 6.04771, 0, 6.04771, 0, 0),
(69, 3, 'end', 6.04771, 0, 0, 0, 0),
(70, 3, 'seekend', 4.68597, 0, 0, 0, 0),
(71, 3, 'play', 4.68597, 0, 0, 0, 0),
(72, 3, 'pause', 6.04771, 0, 6.04771, 0, 0),
(73, 3, 'end', 6.04771, 0, 0, 0, 0),
(74, 3, 'seekstart', 6.04771, 0, 0, 0, 0),
(75, 3, 'seekend', 0, 0, 0, 0, 0),
(76, 3, 'play', 0, 0, 0, 0, 0),
(77, 3, 'seekstart', 1.636, 0, 0, 0, 0),
(78, 3, 'seekend', 5.79405, 0, 0, 0, 0),
(79, 3, 'pause', 6.04771, 0, 6.04771, 0, 0),
(80, 3, 'end', 6.04771, 0, 0, 0, 0),
(81, 3, 'seekend', 5.82075, 0, 0, 0, 0),
(82, 3, 'play', 5.82075, 0, 0, 0, 0),
(83, 3, 'pause', 6.04771, 0, 6.04771, 0, 0),
(84, 3, 'end', 6.04771, 0, 0, 0, 0),
(85, 3, 'seekstart', 6.04771, 0, 0, 0, 0),
(86, 3, 'seekend', 0, 0, 0, 0, 0),
(87, 3, 'play', 0, 0, 0, 0, 0),
(88, 3, 'seekstart', 1.95633, 0, 0, 0, 0),
(89, 3, 'seekend', 0.894474, 0, 0, 0, 0),
(90, 3, 'seekstart', 1.58733, 0, 0, 0, 0),
(91, 3, 'seekend', 5.38019, 0, 0, 0, 0),
(92, 3, 'seekstart', 5.81633, 0, 0, 0, 0),
(93, 3, 'seekend', 4.49907, 0, 0, 0, 0),
(94, 3, 'pause', 6.04771, 0, 6.04771, 0, 0),
(95, 3, 'end', 6.04771, 0, 0, 0, 0),
(96, 4, 'play', 0, 0, 0, 0, 0),
(97, 4, 'seekstart', 3.39167, 0, 0, 0, 0),
(98, 4, 'seekend', 7.26085, 0, 0, 0, 0),
(99, 4, 'seekstart', 10.515, 0, 0, 0, 0),
(100, 4, 'seekend', 1.84403, 0, 0, 0, 0),
(101, 4, 'seekstart', 13.3093, 0, 0, 0, 0),
(102, 4, 'seekend', 9.79639, 0, 0, 0, 0),
(103, 4, 'seekstart', 10.431, 0, 0, 0, 0),
(104, 4, 'seekend', 10.931, 0, 0, 0, 0),
(105, 4, 'seekstart', 14.1867, 0, 0, 0, 0),
(106, 4, 'seekend', 10.4879, 0, 0, 0, 0),
(107, 4, 'seekstart', 14.3593, 0, 0, 0, 0),
(108, 4, 'seekend', 10.4879, 0, 0, 0, 0),
(109, 4, 'seekstart', 20.6, 0, 0, 0, 0),
(110, 4, 'seekend', 17.7488, 0, 0, 0, 0),
(111, 4, 'seekstart', 20.7927, 0, 0, 0, 0),
(112, 4, 'seekend', 17.0572, 0, 0, 0, 0),
(113, 4, 'seekstart', 19.421, 0, 0, 0, 0),
(114, 4, 'seekend', 19.913, 0, 0, 0, 0),
(115, 4, 'seekstart', 44.473, 0, 0, 0, 0),
(116, 4, 'seekend', 1.49827, 0, 0, 0, 0),
(117, 4, 'pause', 52.209, 0, 52.209, 0, 0),
(118, 4, 'end', 52.209, 0, 0, 0, 0),
(119, 7, 'play', 0, 0, 0, 0, 0),
(120, 7, 'seekstart', 3.71204, 0, 0, 0, 0),
(121, 7, 'seekend', 4.33858, 0, 0, 0, 0),
(122, 7, 'end', 6.04967, 0, 0, 0, 0),
(123, 7, 'seekstart', 6.04967, 0, 0, 0, 0),
(124, 7, 'pause', 2.044, 0, 6.048, 0, 0),
(125, 7, 'seekend', 2.07919, 0, 0, 0, 0),
(126, 7, 'play', 2.07919, 0, 0, 0, 0),
(127, 7, 'end', 6.04967, 0, 0, 0, 0),
(128, 4, 'seekstart', 52.209, 0, 0, 0, 0),
(129, 4, 'seekend', 0, 0, 0, 0, 0),
(130, 4, 'play', 0, 0, 0, 0, 0),
(131, 4, 'pause', 52.209, 0, 52.209, 0, 0),
(132, 4, 'end', 52.209, 0, 0, 0, 0),
(133, 15, 'play', 0, 0, 0, 0, 0),
(134, 15, 'pause', 2.37367, 0, 26.459, 0, 0),
(135, 19, 'play', 0, 0, 0, 0, 0),
(136, 19, 'seekstart', 1.90933, 0, 0, 0, 0),
(137, 19, 'seekend', 2.33667, 0, 0, 0, 0),
(138, 19, 'pause', 10.6023, 0, 35.255, 0, 0),
(139, 20, 'play', 0, 0, 0, 0, 0),
(140, 20, 'pause', 3.093, 0, 27.261, 0, 0),
(141, 22, 'play', 0, 0, 0, 0, 0),
(142, 22, 'pause', 10.4717, 0, 32.482, 0, 0),
(143, 24, 'play', 0, 0, 0, 0, 0),
(144, 24, 'pause', 2.27567, 0, 25.465, 0, 0),
(145, 24, 'seekstart', 2.27567, 0, 0, 0, 0),
(146, 24, 'seekend', 3.12733, 0, 0, 0, 0),
(147, 24, 'play', 3.12733, 0, 0, 0, 0),
(148, 24, 'pause', 3.90233, 0, 45.078, 0, 0),
(149, 24, 'seekstart', 3.90233, 0, 0, 0, 0),
(150, 24, 'seekend', 4.65167, 0, 0, 0, 0),
(151, 24, 'play', 4.65167, 0, 0, 0, 0),
(152, 24, 'pause', 7.27867, 0, 49.733, 0, 0),
(153, 26, 'play', 0, 0, 0, 0, 0),
(154, 26, 'seekstart', 2.214, 0, 0, 0, 0),
(155, 26, 'seekend', 3.45755, 0, 0, 0, 0),
(156, 26, 'seekstart', 3.74367, 0, 0, 0, 0),
(157, 26, 'seekend', 4.14906, 0, 0, 0, 0),
(158, 26, 'seekstart', 4.37956, 0, 0, 0, 0),
(159, 26, 'seekend', 5.76258, 0, 0, 0, 0),
(160, 26, 'seekstart', 6.33884, 0, 0, 0, 0),
(161, 26, 'seekend', 8.18287, 0, 0, 0, 0),
(162, 26, 'seekstart', 9.22013, 0, 0, 0, 0),
(163, 26, 'seekend', 4.72532, 0, 0, 0, 0),
(164, 26, 'seekstart', 4.72532, 0, 0, 0, 0),
(165, 26, 'seekend', 7.03035, 0, 0, 0, 0),
(166, 26, 'seekstart', 9.69667, 0, 0, 0, 0),
(167, 26, 'seekend', 10.1997, 0, 0, 0, 0),
(168, 26, 'pause', 52.209, 0, 52.209, 0, 0),
(169, 26, 'end', 52.209, 0, 0, 0, 0),
(170, 27, 'play', 0, 0, 0, 0, 0),
(171, 27, 'pause', 13.5867, 0, 34.304, 0, 0),
(172, 27, 'seekstart', 13.5867, 0, 0, 0, 0),
(173, 27, 'seekend', 14.363, 0, 0, 0, 0),
(174, 27, 'play', 14.363, 0, 0, 0, 0),
(175, 28, 'seekstart', 0, 0, 0, 0, 0),
(176, 28, 'seekend', 2.65079, 0, 0, 0, 0),
(177, 28, 'play', 2.65079, 0, 0, 0, 0),
(178, 28, 'seekstart', 3.68805, 0, 0, 0, 0),
(179, 28, 'seekend', 5.76258, 0, 0, 0, 0),
(180, 28, 'seekstart', 6.33884, 0, 0, 0, 0),
(181, 28, 'seekend', 8.41337, 0, 0, 0, 0),
(182, 28, 'seekstart', 8.75913, 0, 0, 0, 0),
(183, 29, 'play', 0, 0, 0, 0, 0),
(184, 37, 'play', 0, 0, 0, 0, 0),
(185, 37, 'seekstart', 0.931333, 0, 0, 0, 0),
(186, 37, 'seekend', 0.461007, 0, 0, 0, 0),
(187, 37, 'seekstart', 0.922013, 0, 0, 0, 0),
(188, 37, 'seekend', 5.30158, 0, 0, 0, 0),
(189, 37, 'seekstart', 5.99309, 0, 0, 0, 0),
(190, 37, 'seekend', 2.99654, 0, 0, 0, 0),
(191, 37, 'seekstart', 3.3423, 0, 0, 0, 0),
(192, 37, 'seekend', 4.14906, 0, 0, 0, 0),
(193, 37, 'seekstart', 4.37956, 0, 0, 0, 0),
(194, 37, 'seekend', 6.10834, 0, 0, 0, 0),
(195, 37, 'seekstart', 6.33884, 0, 0, 0, 0),
(196, 37, 'seekend', 7.03035, 0, 0, 0, 0),
(197, 37, 'seekstart', 7.37611, 0, 0, 0, 0),
(198, 37, 'seekend', 7.95236, 0, 0, 0, 0),
(199, 37, 'seekstart', 10.4879, 0, 0, 0, 0),
(200, 37, 'seekend', 11.9862, 0, 0, 0, 0),
(201, 37, 'seekstart', 12.7929, 0, 0, 0, 0),
(202, 37, 'seekend', 5.07107, 0, 0, 0, 0),
(203, 37, 'seekstart', 5.30158, 0, 0, 0, 0),
(204, 37, 'seekend', 5.76258, 0, 0, 0, 0),
(205, 37, 'seekstart', 5.99309, 0, 0, 0, 0),
(206, 37, 'seekend', 7.03035, 0, 0, 0, 0),
(207, 37, 'seekstart', 7.37611, 0, 0, 0, 0),
(208, 37, 'seekend', 7.72186, 0, 0, 0, 0),
(209, 37, 'seekstart', 9.33538, 0, 0, 0, 0),
(210, 37, 'seekend', 9.79639, 0, 0, 0, 0),
(211, 37, 'seekstart', 10.3726, 0, 0, 0, 0),
(212, 37, 'seekend', 10.9489, 0, 0, 0, 0),
(213, 37, 'seekstart', 12.7929, 0, 0, 0, 0),
(214, 37, 'seekend', 1.95928, 0, 0, 0, 0),
(215, 43, 'play', 0, 0, 0, 0, 0),
(216, 43, 'pause', 2.40833, 0, 15.302, 0, 0),
(217, 44, 'play', 0, 0, 0, 0, 0),
(218, 44, 'pause', 1.43233, 0, 6.04771, 0, 0),
(219, 51, 'play', 0, 0, 0, 0, 0),
(220, 71, 'play', 0, 0, 0, 0, 0),
(221, 71, 'seekstart', 0.705667, 0, 0, 0, 0),
(222, 71, 'seekend', 0.333759, 0, 0, 0, 0),
(223, 71, 'seekstart', 2.14941, 0, 0, 0, 0),
(224, 71, 'seekend', 1.13478, 0, 0, 0, 0),
(225, 71, 'seekstart', 2.64337, 0, 0, 0, 0),
(226, 71, 'seekend', 2.58997, 0, 0, 0, 0),
(227, 71, 'seekstart', 2.65672, 0, 0, 0, 0),
(228, 71, 'seekend', 2.26956, 0, 0, 0, 0),
(229, 71, 'seekstart', 2.36301, 0, 0, 0, 0),
(230, 71, 'seekend', 1.86905, 0, 0, 0, 0),
(231, 71, 'pause', 6.04771, 0, 6.04771, 0, 0),
(232, 71, 'end', 6.04771, 0, 0, 0, 0),
(233, 81, 'play', 0, 0, 0, 0, 0),
(234, 81, 'seekstart', 17.952, 0, 0, 0, 0),
(235, 81, 'seekend', 10.3726, 0, 0, 0, 0),
(236, 81, 'seekstart', 16.013, 0, 0, 0, 0),
(237, 81, 'seekend', 34.1145, 0, 0, 0, 0),
(238, 81, 'seekstart', 36.1183, 0, 0, 0, 0),
(239, 81, 'seekend', 32.6162, 0, 0, 0, 0),
(240, 81, 'seekstart', 36.0137, 0, 0, 0, 0),
(241, 81, 'seekend', 32.2705, 0, 0, 0, 0),
(242, 81, 'seekstart', 36.44, 0, 0, 0, 0),
(243, 81, 'seekend', 32.3857, 0, 0, 0, 0),
(244, 81, 'seekstart', 35.07, 0, 0, 0, 0),
(245, 81, 'seekend', 50.9412, 0, 0, 0, 0),
(246, 81, 'pause', 52.209, 0, 52.209, 0, 0),
(247, 81, 'end', 52.209, 0, 0, 0, 0),
(248, 82, 'seekstart', 0, 0, 0, 0, 0),
(249, 82, 'seekend', 10.1421, 0, 0, 0, 0),
(250, 82, 'play', 10.1421, 0, 0, 0, 0),
(251, 82, 'pause', 52.209, 0, 52.209, 0, 0),
(252, 82, 'end', 52.209, 0, 0, 0, 0),
(253, 87, 'play', 0, 0, 0, 0, 0),
(254, 87, 'pause', 6.04771, 0, 6.04771, 0, 0),
(255, 87, 'end', 6.04771, 0, 0, 0, 0),
(256, 88, 'play', 0, 0, 0, 0, 0),
(257, 88, 'pause', 6.04771, 0, 6.04771, 0, 0),
(258, 88, 'end', 6.04771, 0, 0, 0, 0),
(259, 90, 'play', 0, 0, 0, 0, 0),
(260, 90, 'seekstart', 2.39733, 0, 0, 0, 0),
(261, 90, 'seekend', 1.34839, 0, 0, 0, 0),
(262, 90, 'seekstart', 3.024, 0, 0, 0, 0),
(263, 90, 'seekend', 1.24158, 0, 0, 0, 0),
(264, 90, 'seekstart', 2.929, 0, 0, 0, 0),
(265, 90, 'seekend', 1.24158, 0, 0, 0, 0),
(266, 90, 'seekstart', 3.17867, 0, 0, 0, 0),
(267, 90, 'seekend', 1.24158, 0, 0, 0, 0),
(268, 90, 'pause', 6.04771, 0, 6.04771, 0, 0),
(269, 90, 'end', 6.04771, 0, 0, 0, 0),
(270, 90, 'seekstart', 6.04771, 0, 0, 0, 0),
(271, 90, 'seekend', 0, 0, 0, 0, 0),
(272, 90, 'play', 0, 0, 0, 0, 0),
(273, 90, 'seekstart', 0.652, 0, 0, 0, 0),
(274, 90, 'seekend', 3.6046, 0, 0, 0, 0),
(275, 90, 'seekstart', 4.48133, 0, 0, 0, 0),
(276, 90, 'seekend', 3.43104, 0, 0, 0, 0),
(277, 90, 'seekstart', 4.58833, 0, 0, 0, 0),
(278, 90, 'seekend', 3.35094, 0, 0, 0, 0),
(279, 90, 'seekstart', 3.35094, 0, 0, 0, 0),
(280, 90, 'seekend', 3.75167, 0, 0, 0, 0),
(281, 90, 'seekstart', 4.50533, 0, 0, 0, 0),
(282, 90, 'seekend', 3.35094, 0, 0, 0, 0),
(283, 90, 'seekstart', 4.78367, 0, 0, 0, 0),
(284, 90, 'seekend', 3.31089, 0, 0, 0, 0),
(285, 90, 'pause', 6.04771, 0, 6.04771, 0, 0),
(286, 90, 'end', 6.04771, 0, 0, 0, 0),
(287, 91, 'play', 0, 0, 0, 0, 0),
(288, 91, 'seekstart', 5.92367, 0, 0, 0, 0),
(289, 91, 'seekend', 16.3657, 0, 0, 0, 0),
(290, 91, 'seekstart', 19.0997, 0, 0, 0, 0),
(291, 91, 'seekend', 21.7826, 0, 0, 0, 0),
(292, 91, 'seekstart', 22.1737, 0, 0, 0, 0),
(293, 91, 'seekend', 17.7488, 0, 0, 0, 0),
(294, 91, 'seekstart', 22.346, 0, 0, 0, 0),
(295, 91, 'seekend', 17.1725, 0, 0, 0, 0),
(296, 91, 'seekstart', 21.5567, 0, 0, 0, 0),
(297, 91, 'seekend', 17.7488, 0, 0, 0, 0),
(298, 91, 'seekstart', 17.7488, 0, 0, 0, 0),
(299, 91, 'seekend', 18.6213, 0, 0, 0, 0),
(300, 91, 'seekstart', 20.6277, 0, 0, 0, 0),
(301, 91, 'seekend', 51.8632, 0, 0, 0, 0),
(302, 91, 'pause', 52.209, 0, 52.209, 0, 0),
(303, 91, 'end', 52.209, 0, 0, 0, 0),
(304, 91, 'seekstart', 52.209, 0, 0, 0, 0),
(305, 91, 'seekend', 51.5175, 0, 0, 0, 0),
(306, 91, 'play', 51.5175, 0, 0, 0, 0),
(307, 91, 'pause', 52.209, 0, 52.209, 0, 0),
(308, 91, 'end', 52.209, 0, 0, 0, 0),
(309, 92, 'play', 0, 0, 0, 0, 0),
(310, 92, 'seekstart', 7.67633, 0, 0, 0, 0),
(311, 92, 'seekend', 4.95582, 0, 0, 0, 0),
(312, 92, 'seekstart', 8.254, 0, 0, 0, 0),
(313, 92, 'seekend', 18.786, 0, 0, 0, 0),
(314, 92, 'seekstart', 25.5653, 0, 0, 0, 0),
(315, 92, 'seekend', 20.7453, 0, 0, 0, 0),
(316, 92, 'seekstart', 21.5467, 0, 0, 0, 0),
(317, 92, 'seekend', 18.6708, 0, 0, 0, 0),
(318, 92, 'seekstart', 23.206, 0, 0, 0, 0),
(319, 92, 'seekend', 18.6708, 0, 0, 0, 0),
(320, 92, 'seekstart', 23.199, 0, 0, 0, 0),
(321, 92, 'seekend', 18.0945, 0, 0, 0, 0),
(322, 92, 'seekstart', 27.689, 0, 0, 0, 0),
(323, 92, 'seekend', 18.0945, 0, 0, 0, 0),
(324, 92, 'seekstart', 22.9623, 0, 0, 0, 0),
(325, 92, 'seekend', 18.0945, 0, 0, 0, 0),
(326, 92, 'seekstart', 21.714, 0, 0, 0, 0),
(327, 92, 'seekend', 18.0945, 0, 0, 0, 0),
(328, 92, 'seekstart', 20.4673, 0, 0, 0, 0),
(329, 92, 'seekend', 20.9693, 0, 0, 0, 0),
(330, 92, 'seekstart', 24.219, 0, 0, 0, 0),
(331, 92, 'seekend', 51.0565, 0, 0, 0, 0),
(332, 92, 'pause', 52.209, 0, 52.209, 0, 0),
(333, 92, 'end', 52.209, 0, 0, 0, 0),
(334, 93, 'play', 0, 0, 0, 0, 0),
(335, 93, 'seekstart', 2.7, 0, 0, 0, 0),
(336, 93, 'seekend', 1.09473, 0, 0, 0, 0),
(337, 93, 'seekstart', 1.09473, 0, 0, 0, 0),
(338, 93, 'seekend', 1.77567, 0, 0, 0, 0),
(339, 93, 'pause', 6.04771, 0, 6.04771, 0, 0),
(340, 93, 'end', 6.04771, 0, 0, 0, 0),
(341, 93, 'seekstart', 2.48167, 0, 0, 0, 0),
(342, 93, 'seekend', 1.28163, 0, 0, 0, 0),
(343, 93, 'pause', 2.56067, 0, 6.04771, 0, 0),
(344, 93, 'seekstart', 2.56067, 0, 0, 0, 0),
(345, 93, 'seekend', 1.46854, 0, 0, 0, 0),
(346, 93, 'play', 1.46854, 0, 0, 0, 0),
(347, 93, 'seekstart', 1.46854, 0, 0, 0, 0),
(348, 93, 'seekend', 1.89267, 0, 0, 0, 0),
(349, 93, 'pause', 6.04771, 0, 6.04771, 0, 0),
(350, 93, 'end', 6.04771, 0, 0, 0, 0),
(351, 95, 'play', 0, 0, 0, 0, 0),
(352, 95, 'seekstart', 2.95833, 0, 0, 0, 0),
(353, 95, 'seekend', 2.0693, 0, 0, 0, 0),
(354, 95, 'seekstart', 3.216, 0, 0, 0, 0),
(355, 95, 'seekend', 2.26956, 0, 0, 0, 0),
(356, 95, 'seekstart', 3.22267, 0, 0, 0, 0),
(357, 95, 'seekend', 2.36301, 0, 0, 0, 0),
(358, 95, 'seekstart', 3.278, 0, 0, 0, 0),
(359, 95, 'seekend', 2.36301, 0, 0, 0, 0),
(360, 95, 'seekstart', 3.53267, 0, 0, 0, 0),
(361, 95, 'seekend', 2.36301, 0, 0, 0, 0),
(362, 95, 'seekstart', 2.788, 0, 0, 0, 0),
(363, 95, 'seekend', 5.87416, 0, 0, 0, 0),
(364, 95, 'pause', 6.04771, 0, 6.04771, 0, 0),
(365, 95, 'end', 6.04771, 0, 0, 0, 0),
(366, 96, 'play', 0, 0, 0, 0, 0),
(367, 96, 'pause', 2.26367, 0, 6.04771, 0, 0),
(368, 96, 'seekstart', 2.26367, 0, 0, 0, 0),
(369, 96, 'seekend', 1.37509, 0, 0, 0, 0),
(370, 96, 'play', 1.37509, 0, 0, 0, 0),
(371, 96, 'pause', 3.185, 0, 6.04771, 0, 0),
(372, 96, 'seekstart', 3.185, 0, 0, 0, 0),
(373, 96, 'seekend', 1.7222, 0, 0, 0, 0),
(374, 96, 'play', 1.7222, 0, 0, 0, 0),
(375, 96, 'pause', 5.198, 0, 6.04771, 0, 0),
(376, 96, 'seekstart', 5.198, 0, 0, 0, 0),
(377, 96, 'seekend', 6.01633, 0, 0, 0, 0),
(378, 96, 'play', 6.01633, 0, 0, 0, 0),
(379, 96, 'pause', 6.04771, 0, 6.04771, 0, 0),
(380, 96, 'end', 6.04771, 0, 0, 0, 0),
(381, 97, 'play', 0, 0, 0, 0, 0),
(382, 97, 'pause', 2.87667, 0, 6.04771, 0, 0),
(383, 97, 'seekstart', 2.87667, 0, 0, 0, 0),
(384, 97, 'seekend', 2.28291, 0, 0, 0, 0),
(385, 97, 'play', 2.28291, 0, 0, 0, 0),
(386, 97, 'seekstart', 3.24533, 0, 0, 0, 0),
(387, 97, 'seekend', 2.21616, 0, 0, 0, 0),
(388, 97, 'seekstart', 3.62667, 0, 0, 0, 0),
(389, 97, 'seekend', 2.12271, 0, 0, 0, 0),
(390, 97, 'seekstart', 3.55033, 0, 0, 0, 0),
(391, 97, 'seekend', 2.12271, 0, 0, 0, 0),
(392, 97, 'pause', 3.00633, 0, 6.04771, 0, 0),
(393, 97, 'seekstart', 3.00633, 0, 0, 0, 0),
(394, 97, 'seekend', 3.86767, 0, 0, 0, 0),
(395, 97, 'play', 3.86767, 0, 0, 0, 0),
(396, 97, 'pause', 6.04771, 0, 6.04771, 0, 0),
(397, 97, 'end', 6.04771, 0, 0, 0, 0),
(398, 97, 'play', 0, 0, 0, 0, 0),
(399, 97, 'seekstart', 5.2, 0, 0, 0, 0),
(400, 97, 'seekend', 4.17866, 0, 0, 0, 0),
(401, 97, 'seekstart', 5.335, 0, 0, 0, 0),
(402, 97, 'seekend', 4.04516, 0, 0, 0, 0),
(403, 97, 'pause', 6.04771, 0, 6.04771, 0, 0),
(404, 97, 'end', 6.04771, 0, 0, 0, 0),
(405, 97, 'pause', 6.04771, 0, 6.04771, 0, 0),
(406, 97, 'end', 6.04771, 0, 0, 0, 0),
(407, 99, 'play', 0, 0, 0, 0, 0),
(408, 99, 'pause', 2.603, 0, 6.04771, 0, 0),
(409, 99, 'seekstart', 2.603, 0, 0, 0, 0),
(410, 99, 'seekend', 1.34839, 0, 0, 0, 0),
(411, 99, 'play', 1.34839, 0, 0, 0, 0),
(412, 99, 'seekstart', 2.78033, 0, 0, 0, 0),
(413, 99, 'seekend', 1.95933, 0, 0, 0, 0),
(414, 99, 'pause', 2.76, 0, 6.04771, 0, 0),
(415, 99, 'seekstart', 2.76, 0, 0, 0, 0),
(416, 99, 'seekend', 3.51067, 0, 0, 0, 0),
(417, 99, 'play', 3.51067, 0, 0, 0, 0),
(418, 99, 'pause', 6.04771, 0, 6.04771, 0, 0),
(419, 99, 'end', 6.04771, 0, 0, 0, 0),
(420, 100, 'seekstart', 6.04771, 0, 0, 0, 0),
(421, 100, 'seekend', 0, 0, 0, 0, 0),
(422, 100, 'play', 0, 0, 0, 0, 0),
(423, 100, 'pause', 0.434333, 0, 6.04771, 0, 0),
(424, 100, 'seekstart', 0.434333, 0, 0, 0, 0),
(425, 101, 'play', 0, 0, 0, 0, 0),
(426, 101, 'seekstart', 2.29367, 0, 0, 0, 0),
(427, 101, 'seekend', 0.881123, 0, 0, 0, 0),
(428, 101, 'seekstart', 2.841, 0, 0, 0, 0),
(429, 101, 'seekend', 0.947875, 0, 0, 0, 0),
(430, 101, 'pause', 6.04771, 0, 6.04771, 0, 0),
(431, 101, 'end', 6.04771, 0, 0, 0, 0),
(432, 101, 'seekstart', 6.04771, 0, 0, 0, 0),
(433, 101, 'seekend', 0, 0, 0, 0, 0),
(434, 101, 'play', 0, 0, 0, 0, 0),
(435, 101, 'seekstart', 0.875333, 0, 0, 0, 0),
(436, 101, 'seekend', 4.92628, 0, 0, 0, 0),
(437, 101, 'seekstart', 5.55367, 0, 0, 0, 0),
(438, 101, 'seekend', 4.60587, 0, 0, 0, 0),
(439, 101, 'seekstart', 5.51833, 0, 0, 0, 0),
(440, 101, 'seekend', 4.43232, 0, 0, 0, 0),
(441, 101, 'seekstart', 5.563, 0, 0, 0, 0),
(442, 101, 'seekend', 4.47237, 0, 0, 0, 0),
(443, 101, 'seekstart', 5.367, 0, 0, 0, 0),
(444, 101, 'seekend', 4.31216, 0, 0, 0, 0),
(445, 101, 'pause', 6.04771, 0, 6.04771, 0, 0),
(446, 101, 'end', 6.04771, 0, 0, 0, 0),
(447, 104, 'seekstart', 0, 0, 0, 0, 0),
(448, 104, 'seekend', 51.733, 0, 0, 0, 0),
(449, 104, 'play', 51.733, 0, 0, 0, 0),
(450, 104, 'seekstart', 51.733, 0, 0, 0, 0),
(451, 104, 'end', 52.663, 0, 0, 0, 0),
(452, 104, 'seekend', 0, 0, 0, 0, 0),
(453, 104, 'pause', 52.663, 0, 52.663, 0, 0),
(454, 104, 'end', 52.663, 0, 0, 0, 0),
(455, 105, 'seekstart', 0, 0, 0, 0, 0),
(456, 105, 'seekend', 42.7584, 0, 0, 0, 0),
(457, 105, 'play', 42.7584, 0, 0, 0, 0),
(458, 105, 'seekstart', 42.7584, 0, 0, 0, 0),
(459, 105, 'pause', 41.9516, 0, 44.66, 0, 0),
(460, 106, 'play', 0, 0, 0, 0, 0),
(461, 106, 'pause', 52.209, 0, 52.209, 0, 0),
(462, 106, 'end', 52.209, 0, 0, 0, 0),
(463, 107, 'seekstart', 0, 0, 0, 0, 0),
(464, 107, 'seekend', 23.8571, 0, 0, 0, 0),
(465, 107, 'play', 23.8571, 0, 0, 0, 0),
(466, 107, 'seekstart', 23.8571, 0, 0, 0, 0),
(467, 107, 'seekend', 44.9481, 0, 0, 0, 0),
(468, 107, 'pause', 52.209, 0, 52.209, 0, 0),
(469, 107, 'end', 52.209, 0, 0, 0, 0),
(470, 108, 'play', 0, 0, 0, 0, 0),
(471, 108, 'seekstart', 3.659, 0, 0, 0, 0),
(472, 108, 'seekend', 51.287, 0, 0, 0, 0),
(473, 108, 'pause', 52.209, 0, 52.209, 0, 0),
(474, 108, 'end', 52.209, 0, 0, 0, 0),
(475, 108, 'seekstart', 52.209, 0, 0, 0, 0),
(476, 108, 'seekend', 0, 0, 0, 0, 0),
(477, 108, 'play', 0, 0, 0, 0, 0),
(478, 108, 'seekstart', 0.137667, 0, 0, 0, 0),
(479, 108, 'seekend', 6.6846, 0, 0, 0, 0),
(480, 108, 'seekstart', 6.6846, 0, 0, 0, 0),
(481, 108, 'seekend', 7.09267, 0, 0, 0, 0),
(482, 109, 'play', 0, 0, 0, 0, 0),
(483, 109, 'pause', 2.592, 0, 9.008, 0, 0),
(484, 109, 'seekstart', 2.592, 0, 0, 0, 0),
(485, 109, 'seekend', 3.43967, 0, 0, 0, 0),
(486, 109, 'play', 3.43967, 0, 0, 0, 0),
(487, 109, 'seekstart', 3.94867, 0, 0, 0, 0),
(488, 109, 'seekend', 12.5624, 0, 0, 0, 0),
(489, 109, 'seekstart', 13.7427, 0, 0, 0, 0),
(490, 109, 'seekend', 18.2098, 0, 0, 0, 0),
(491, 109, 'seekstart', 20.0327, 0, 0, 0, 0),
(492, 109, 'seekend', 23.3961, 0, 0, 0, 0),
(493, 109, 'seekstart', 23.718, 0, 0, 0, 0),
(494, 109, 'seekend', 26.2774, 0, 0, 0, 0),
(495, 109, 'seekstart', 26.6917, 0, 0, 0, 0),
(496, 109, 'seekend', 23.6266, 0, 0, 0, 0),
(497, 109, 'seekstart', 23.6266, 0, 0, 0, 0),
(498, 109, 'seekend', 27.4299, 0, 0, 0, 0),
(499, 109, 'seekstart', 27.866, 0, 0, 0, 0),
(500, 109, 'seekend', 23.3961, 0, 0, 0, 0),
(501, 109, 'seekstart', 26.9497, 0, 0, 0, 0),
(502, 109, 'seekend', 25.0096, 0, 0, 0, 0),
(503, 109, 'seekstart', 28.0957, 0, 0, 0, 0),
(504, 109, 'seekend', 24.7791, 0, 0, 0, 0),
(505, 109, 'seekstart', 33.1527, 0, 0, 0, 0),
(506, 109, 'seekend', 28.1214, 0, 0, 0, 0),
(507, 109, 'seekstart', 34.5223, 0, 0, 0, 0),
(508, 109, 'seekend', 26.1621, 0, 0, 0, 0),
(509, 109, 'seekstart', 26.8433, 0, 0, 0, 0),
(510, 109, 'seekend', 23.2808, 0, 0, 0, 0),
(511, 109, 'seekstart', 24.5993, 0, 0, 0, 0),
(512, 109, 'seekend', 26.9689, 0, 0, 0, 0),
(513, 109, 'seekstart', 28.3397, 0, 0, 0, 0),
(514, 109, 'seekend', 51.748, 0, 0, 0, 0),
(515, 109, 'pause', 52.209, 0, 52.209, 0, 0),
(516, 109, 'end', 52.209, 0, 0, 0, 0),
(517, 109, 'seekstart', 52.209, 0, 0, 0, 0),
(518, 109, 'seekend', 0, 0, 0, 0, 0),
(519, 109, 'play', 0, 0, 0, 0, 0),
(520, 109, 'seekstart', 1.638, 0, 0, 0, 0),
(521, 109, 'seekend', 4.95582, 0, 0, 0, 0),
(522, 109, 'pause', 38.6537, 0, 52.209, 0, 0),
(523, 109, 'seekstart', 38.6537, 0, 0, 0, 0),
(524, 109, 'seekend', 14.9827, 0, 0, 0, 0),
(525, 109, 'play', 14.9827, 0, 0, 0, 0),
(526, 109, 'pause', 51.329, 0, 52.209, 0, 0),
(527, 109, 'seekstart', 51.329, 0, 0, 0, 0),
(528, 109, 'seekend', 22.1283, 0, 0, 0, 0),
(529, 109, 'play', 22.1283, 0, 0, 0, 0),
(530, 109, 'pause', 33.721, 0, 52.209, 0, 0),
(531, 109, 'seekstart', 33.721, 0, 0, 0, 0),
(532, 109, 'seekend', 23.1656, 0, 0, 0, 0),
(533, 109, 'play', 23.1656, 0, 0, 0, 0),
(534, 109, 'seekstart', 23.1656, 0, 0, 0, 0),
(535, 109, 'seekend', 15.7895, 0, 0, 0, 0),
(536, 109, 'pause', 32.8317, 0, 52.209, 0, 0),
(537, 109, 'seekstart', 32.8317, 0, 0, 0, 0),
(538, 109, 'end', 52.209, 0, 0, 0, 0),
(539, 109, 'seekend', 0, 0, 0, 0, 0),
(540, 109, 'play', 0, 0, 0, 0, 0),
(541, 109, 'pause', 1.706, 0, 52.209, 0, 0),
(542, 109, 'seekstart', 1.706, 0, 0, 0, 0),
(543, 109, 'seekend', 0, 0, 0, 0, 0),
(544, 109, 'play', 0, 0, 0, 0, 0),
(545, 109, 'seekstart', 2.149, 0, 0, 0, 0),
(546, 109, 'play', 0, 0, 0, 0, 0),
(547, 109, 'seekstart', 14.424, 0, 0, 0, 0),
(548, 109, 'seekend', 9.68114, 0, 0, 0, 0),
(549, 109, 'seekstart', 13.0697, 0, 0, 0, 0),
(550, 109, 'seekend', 9.768, 0, 0, 0, 0),
(551, 109, 'seekstart', 13.5197, 0, 0, 0, 0),
(552, 109, 'seekend', 11.0642, 0, 0, 0, 0),
(553, 109, 'seekstart', 14.4363, 0, 0, 0, 0),
(554, 109, 'seekend', 11.0642, 0, 0, 0, 0),
(555, 109, 'seekstart', 11.959, 0, 0, 0, 0),
(556, 109, 'seekend', 15.2132, 0, 0, 0, 0),
(557, 109, 'seekstart', 16.8637, 0, 0, 0, 0),
(558, 109, 'seekend', 29.9654, 0, 0, 0, 0),
(559, 109, 'seekstart', 30.5087, 0, 0, 0, 0),
(560, 109, 'seekend', 48.4057, 0, 0, 0, 0),
(561, 109, 'seekstart', 50.5633, 0, 0, 0, 0),
(562, 109, 'seekend', 51.0613, 0, 0, 0, 0),
(563, 109, 'pause', 52.209, 0, 52.209, 0, 0),
(564, 109, 'end', 52.209, 0, 0, 0, 0),
(565, 109, 'seekstart', 52.209, 0, 0, 0, 0),
(566, 109, 'pause', 0, 0, 52.209, 0, 0),
(567, 110, 'play', 0, 0, 0, 0, 0),
(568, 110, 'seekstart', 15.927, 0, 0, 0, 0),
(569, 111, 'play', 0, 0, 0, 0, 0),
(570, 111, 'seekstart', 17.9397, 0, 0, 0, 0),
(571, 111, 'seekend', 12.3319, 0, 0, 0, 0),
(572, 111, 'seekstart', 14.783, 0, 0, 0, 0),
(573, 111, 'seekend', 11.0642, 0, 0, 0, 0),
(574, 111, 'seekstart', 14.6947, 0, 0, 0, 0),
(575, 111, 'seekend', 11.4099, 0, 0, 0, 0),
(576, 111, 'seekstart', 29.5473, 0, 0, 0, 0),
(577, 111, 'seekend', 30.5493, 0, 0, 0, 0),
(578, 111, 'seekstart', 35.5623, 0, 0, 0, 0),
(579, 111, 'seekend', 50.9412, 0, 0, 0, 0),
(580, 111, 'pause', 52.209, 0, 52.209, 0, 0),
(581, 111, 'end', 52.209, 0, 0, 0, 0),
(582, 112, 'seekstart', 0, 0, 0, 0, 0),
(583, 112, 'seekend', 52.1517, 0, 0, 0, 0),
(584, 112, 'play', 52.1517, 0, 0, 0, 0),
(585, 112, 'pause', 52.209, 0, 52.209, 0, 0),
(586, 112, 'end', 52.209, 0, 0, 0, 0),
(587, 112, 'seekstart', 52.209, 0, 0, 0, 0),
(588, 112, 'pause', 0, 0, 52.209, 0, 0),
(589, 112, 'seekend', 0, 0, 0, 0, 0),
(590, 112, 'play', 0, 0, 0, 0, 0),
(591, 112, 'seekstart', 1.13067, 0, 0, 0, 0),
(592, 112, 'seekend', 1.05267, 0, 0, 0, 0),
(593, 112, 'seekstart', 19.0737, 0, 0, 0, 0),
(594, 112, 'seekend', 13.9455, 0, 0, 0, 0),
(595, 112, 'seekstart', 20.2563, 0, 0, 0, 0),
(596, 112, 'seekend', 13.2539, 0, 0, 0, 0),
(597, 112, 'seekstart', 14.1733, 0, 0, 0, 0),
(598, 112, 'seekend', 11.0642, 0, 0, 0, 0),
(599, 112, 'seekstart', 13.1767, 0, 0, 0, 0),
(600, 112, 'seekend', 10.7773, 0, 0, 0, 0),
(601, 112, 'seekstart', 13.024, 0, 0, 0, 0),
(602, 112, 'seekend', 8.98963, 0, 0, 0, 0),
(603, 112, 'seekstart', 8.98963, 0, 0, 0, 0),
(604, 112, 'seekend', 10.6032, 0, 0, 0, 0),
(605, 112, 'seekstart', 11.489, 0, 0, 0, 0),
(606, 112, 'seekend', 9.79639, 0, 0, 0, 0),
(607, 112, 'seekstart', 10.7163, 0, 0, 0, 0),
(608, 112, 'seekend', 9.45064, 0, 0, 0, 0),
(609, 112, 'seekstart', 10.3957, 0, 0, 0, 0),
(610, 112, 'seekend', 12.3319, 0, 0, 0, 0),
(611, 112, 'seekstart', 14.0287, 0, 0, 0, 0),
(612, 112, 'seekend', 11.1794, 0, 0, 0, 0),
(613, 112, 'seekstart', 13.7827, 0, 0, 0, 0),
(614, 112, 'seekend', 50.9412, 0, 0, 0, 0),
(615, 112, 'pause', 52.209, 0, 52.209, 0, 0),
(616, 112, 'end', 52.209, 0, 0, 0, 0),
(617, 112, 'seekstart', 52.209, 0, 0, 0, 0),
(618, 112, 'seekend', 0, 0, 0, 0, 0),
(619, 112, 'play', 0, 0, 0, 0, 0),
(620, 112, 'seekstart', 2.96933, 0, 0, 0, 0),
(621, 112, 'seekend', 0, 0, 0, 0, 0),
(622, 112, 'pause', 0.419333, 0, 52.209, 0, 0),
(623, 112, 'seekstart', 0.419333, 0, 0, 0, 0),
(624, 112, 'seekend', 1.18067, 0, 0, 0, 0),
(625, 112, 'play', 1.18067, 0, 0, 0, 0),
(626, 112, 'seekstart', 15.6583, 0, 0, 0, 0),
(627, 112, 'seekend', 10.8337, 0, 0, 0, 0),
(628, 112, 'seekstart', 13.6827, 0, 0, 0, 0),
(629, 112, 'seekend', 11.8709, 0, 0, 0, 0),
(630, 112, 'seekstart', 16.9107, 0, 0, 0, 0),
(631, 112, 'seekend', 13.1387, 0, 0, 0, 0),
(632, 112, 'seekstart', 16.761, 0, 0, 0, 0),
(633, 112, 'seekend', 50.5955, 0, 0, 0, 0),
(634, 112, 'pause', 52.209, 0, 52.209, 0, 0),
(635, 112, 'end', 52.209, 0, 0, 0, 0),
(636, 112, 'seekstart', 52.209, 0, 0, 0, 0),
(637, 112, 'seekend', 0, 0, 0, 0, 0),
(638, 112, 'play', 0, 0, 0, 0, 0),
(639, 112, 'pause', 0.452333, 0, 52.209, 0, 0),
(640, 112, 'seekstart', 0.452333, 0, 0, 0, 0),
(641, 112, 'seekend', 1.21667, 0, 0, 0, 0),
(642, 112, 'play', 1.21667, 0, 0, 0, 0),
(643, 112, 'seekstart', 2.51733, 0, 0, 0, 0),
(644, 112, 'seekend', 2.462, 0, 0, 0, 0),
(645, 112, 'seekstart', 16.2457, 0, 0, 0, 0),
(646, 112, 'seekend', 11.9862, 0, 0, 0, 0),
(647, 112, 'seekstart', 16.707, 0, 0, 0, 0),
(648, 112, 'seekend', 12.9082, 0, 0, 0, 0),
(649, 112, 'seekstart', 15.5307, 0, 0, 0, 0),
(650, 112, 'seekend', 51.1717, 0, 0, 0, 0),
(651, 112, 'pause', 52.209, 0, 52.209, 0, 0),
(652, 112, 'end', 52.209, 0, 0, 0, 0),
(653, 112, 'seekstart', 52.209, 0, 0, 0, 0),
(654, 112, 'seekend', 0, 0, 0, 0, 0),
(655, 112, 'play', 0, 0, 0, 0, 0),
(656, 112, 'seekstart', 0.407333, 0, 0, 0, 0),
(657, 112, 'seekend', 0.907333, 0, 0, 0, 0),
(658, 112, 'seekstart', 16.927, 0, 0, 0, 0),
(659, 112, 'seekend', 14.466, 0, 0, 0, 0),
(660, 112, 'seekstart', 18.4703, 0, 0, 0, 0),
(661, 112, 'seekend', 14.7522, 0, 0, 0, 0),
(662, 112, 'seekstart', 16.607, 0, 0, 0, 0),
(663, 112, 'seekend', 13.9455, 0, 0, 0, 0),
(664, 112, 'seekstart', 13.9455, 0, 0, 0, 0),
(665, 112, 'seekend', 14.351, 0, 0, 0, 0),
(666, 112, 'seekstart', 14.6027, 0, 0, 0, 0),
(667, 112, 'seekend', 13.0234, 0, 0, 0, 0),
(668, 112, 'seekstart', 14.872, 0, 0, 0, 0),
(669, 112, 'seekend', 11.9862, 0, 0, 0, 0),
(670, 112, 'seekstart', 14.2697, 0, 0, 0, 0),
(671, 112, 'seekend', 51.4022, 0, 0, 0, 0),
(672, 112, 'pause', 52.209, 0, 52.209, 0, 0),
(673, 112, 'end', 52.209, 0, 0, 0, 0),
(674, 112, 'seekstart', 52.209, 0, 0, 0, 0),
(675, 112, 'seekend', 0, 0, 0, 0, 0),
(676, 112, 'play', 0, 0, 0, 0, 0),
(677, 112, 'seekstart', 15.7273, 0, 0, 0, 0),
(678, 112, 'seekend', 11.6404, 0, 0, 0, 0),
(679, 112, 'seekstart', 14.9493, 0, 0, 0, 0),
(680, 112, 'seekend', 11.9862, 0, 0, 0, 0),
(681, 112, 'seekstart', 15.4823, 0, 0, 0, 0),
(682, 112, 'seekend', 51.1717, 0, 0, 0, 0),
(683, 112, 'pause', 52.209, 0, 52.209, 0, 0),
(684, 112, 'end', 52.209, 0, 0, 0, 0),
(685, 112, 'seekstart', 52.209, 0, 0, 0, 0),
(686, 112, 'seekend', 0, 0, 0, 0, 0),
(687, 112, 'play', 0, 0, 0, 0, 0),
(688, 112, 'seekstart', 2.94633, 0, 0, 0, 0),
(689, 112, 'seekend', 8.41337, 0, 0, 0, 0),
(690, 112, 'seekstart', 8.638, 0, 0, 0, 0),
(691, 112, 'seekend', 11.4099, 0, 0, 0, 0),
(692, 112, 'pause', 15.2657, 0, 52.209, 0, 0),
(693, 112, 'seekstart', 15.2657, 0, 0, 0, 0),
(694, 112, 'seekend', 0, 0, 0, 0, 0),
(695, 112, 'play', 0, 0, 0, 0, 0),
(696, 112, 'pause', 1.24067, 0, 52.209, 0, 0),
(697, 112, 'seekstart', 1.24067, 0, 0, 0, 0),
(698, 112, 'seekend', 2.054, 0, 0, 0, 0),
(699, 112, 'play', 2.054, 0, 0, 0, 0),
(700, 112, 'pause', 14.2603, 0, 52.209, 0, 0),
(701, 112, 'seekstart', 14.2603, 0, 0, 0, 0),
(702, 112, 'seekend', 12.7929, 0, 0, 0, 0),
(703, 112, 'play', 12.7929, 0, 0, 0, 0),
(704, 112, 'seekstart', 14.225, 0, 0, 0, 0),
(705, 112, 'seekend', 11.0642, 0, 0, 0, 0),
(706, 112, 'seekstart', 18.9083, 0, 0, 0, 0),
(707, 112, 'seekend', 49.6735, 0, 0, 0, 0),
(708, 112, 'pause', 52.209, 0, 52.209, 0, 0),
(709, 112, 'end', 52.209, 0, 0, 0, 0);

-- --------------------------------------------------------

--
-- Table structure for table `source`
--

CREATE TABLE IF NOT EXISTS `source` (
  `id` int(10) NOT NULL AUTO_INCREMENT,
  `videoId` int(10) NOT NULL,
  `type` enum('video/mp4','video/ogv','video/webm','youtube','vimeo') NOT NULL DEFAULT 'youtube',
  `source` varchar(200) NOT NULL,
  PRIMARY KEY (`id`)
) ENGINE=InnoDB  DEFAULT CHARSET=latin1 AUTO_INCREMENT=12 ;

--
-- Dumping data for table `source`
--

INSERT INTO `source` (`id`, `videoId`, `type`, `source`) VALUES
(1, 1, 'video/mp4', 'http://videos.mozilla.org/serv/webmademovies/popcornplug.mp4'),
(2, 1, 'video/ogv', 'http://videos.mozilla.org/serv/webmademovies/popcornplug.ogv'),
(4, 1, 'video/webm', 'http://videos.mozilla.org/serv/webmademovies/popcornplug.webm'),
(5, 2, 'youtube', 'http://www.youtube.com/watch?v=CxvgCLgwdNk'),
(6, 3, 'vimeo', 'http://player.vimeo.com/video/25107077'),
(7, 4, 'video/mp4', 'http://media.w3.org/2010/05/sintel/trailer.mp4'),
(8, 4, 'video/webm', 'http://media.w3.org/2010/05/sintel/trailer.webm'),
(9, 4, 'video/ogv', 'http://media.w3.org/2010/05/sintel/trailer.ogv'),
(10, 5, 'video/ogv', 'http://cdn.kaltura.org/apis/html5lib/kplayer-examples/media/bbb400p.ogv'),
(11, 6, 'video/mp4', 'http://videos.mozilla.org/serv/webmademovies/popcornplug.mp4');

-- --------------------------------------------------------

--
-- Table structure for table `tutor`
--

CREATE TABLE IF NOT EXISTS `tutor` (
  `id` int(10) NOT NULL AUTO_INCREMENT,
  `username` varchar(20) NOT NULL,
  `name` varchar(50) NOT NULL,
  `email` varchar(100) NOT NULL,
  PRIMARY KEY (`id`),
  UNIQUE KEY `username` (`username`)
) ENGINE=InnoDB  DEFAULT CHARSET=latin1 AUTO_INCREMENT=3 ;

--
-- Dumping data for table `tutor`
--

INSERT INTO `tutor` (`id`, `username`, `name`, `email`) VALUES
(1, 'hasan', 'Hasan Kumar Reddy', 'mintuhouse@gmail.com'),
(2, 'sriram', 'Sriram Bhargav', 'sriram.ksb@gmail.com');

-- --------------------------------------------------------

--
-- Table structure for table `video`
--

CREATE TABLE IF NOT EXISTS `video` (
  `id` int(10) NOT NULL AUTO_INCREMENT,
  `tutorId` int(10) NOT NULL,
  `duration` int(10) NOT NULL,
  PRIMARY KEY (`id`)
) ENGINE=InnoDB  DEFAULT CHARSET=latin1 AUTO_INCREMENT=7 ;

--
-- Dumping data for table `video`
--

INSERT INTO `video` (`id`, `tutorId`, `duration`) VALUES
(1, 1, 6),
(2, 2, 0),
(3, 1, 0),
(4, 1, 52),
(5, 1, 0),
(6, 1, 6);

-- --------------------------------------------------------

--
-- Table structure for table `viewer`
--

CREATE TABLE IF NOT EXISTS `viewer` (
  `id` int(10) NOT NULL AUTO_INCREMENT,
  `sessionId` varchar(30) NOT NULL,
  `countryCode` varchar(5) NOT NULL,
  `country` varchar(30) NOT NULL,
  `videoId` int(10) NOT NULL,
  PRIMARY KEY (`id`)
) ENGINE=InnoDB  DEFAULT CHARSET=latin1 AUTO_INCREMENT=113 ;

--
-- Dumping data for table `viewer`
--

INSERT INTO `viewer` (`id`, `sessionId`, `countryCode`, `country`, `videoId`) VALUES
(1, 'mrddfks7cs6gnm2v8c2htfqse3', 'US', 'United States', 1),
(2, 'ef8a7uk6pute2ftqaa2mnj8sg2', 'US', 'United States', 1),
(3, '93489bdf7v8c6tm8n4s3p1pe73', 'US', 'United States', 1),
(4, 'ptgrhmts6aqdfkdoimv908uf06', 'US', 'United States', 4),
(5, 'hirindmhksippgj60u1ipqv8f2', 'US', 'United States', 1),
(6, '2fu53n0inb6pnmtkniuirsk7k4', 'US', 'United States', 1),
(7, 'fonfp2520ku39vovhdgaei10e0', 'US', 'United States', 1),
(8, 'fp6344t8e99esd60u16pcko2s1', 'US', 'United States', 4),
(9, 'm10de9f3a5n0rr4goh5b69hoe6', 'US', 'United States', 4),
(10, 'g09g9clrdhtv6ddd0cmq6jvbn3', 'US', 'United States', 4),
(11, 'jeki7ll6v3cat58j1clqu4aek4', 'US', 'United States', 4),
(12, 'cs5e0g9kj8g1oqiqjnhl416991', 'US', 'United States', 4),
(13, 'urmqbedfqgl29qrmu1cbm44gk4', 'US', 'United States', 4),
(14, 'irb35kaicla80j3g4qsm0l4hu2', 'US', 'United States', 4),
(15, 'qtflivtm93ip6n5mksopi72747', 'US', 'United States', 4),
(16, 'mo5e1j6bab2epa7nom6b5li415', 'US', 'United States', 4),
(17, 'up07b3bdk52em834f0s34t3ce7', 'US', 'United States', 4),
(18, '8poligg0l68b0accb1qo6j7s94', 'US', 'United States', 4),
(19, 'rpf8nuf3dep9ddoutbmhov3fh2', 'US', 'United States', 4),
(20, 'qog0jqhc7n83rdstr746gsqjd7', 'US', 'United States', 4),
(21, 'tkfm841lrnca06fvld17rumrk0', 'US', 'United States', 4),
(22, '2h685mdbj3nv66fps65cij9lp0', 'US', 'United States', 4),
(23, 'h1sqcqetpj45qfv3kr8r4dt6i4', 'US', 'United States', 4),
(24, 'd2gm66r06rp3nssqqq0u11nd92', 'US', 'United States', 4),
(25, 'cg20o5haltek98usm6nbdmhd86', 'US', 'United States', 4),
(26, 'vi4n19ujmbkhp7chfocl0b22e1', 'US', 'United States', 4),
(27, '1qtrbihs44f8v6ojctb7vhnp11', 'US', 'United States', 4),
(28, '8it6fm79vepdqnqb4ab46au753', 'US', 'United States', 4),
(29, '0i4mbahe126rsd9u808e88v1h3', 'US', 'United States', 4),
(30, 'svqnk97vmau3h07ecna4gbesf5', 'US', 'United States', 4),
(31, '59428mom9j6s571l03c85jc5v5', 'US', 'United States', 4),
(32, 'p3du1auh6ffgh592c99uro6ju3', 'US', 'United States', 4),
(33, 's2tka72tj2nupu7cg3brpnp3q7', 'US', 'United States', 4),
(34, 'hb7raarv6ddbhpkav2l70q58b0', 'US', 'United States', 4),
(35, 'riq6g610gul19fn6mnakqiddg1', 'US', 'United States', 4),
(36, 'q4u4u6g2930s2en9caprjrb0g5', 'US', 'United States', 4),
(37, 'd488lijq42kel3kfs7p46n7qs0', 'US', 'United States', 4),
(38, '5l5l3h0rilmu4uspklmnsikov1', 'US', 'United States', 4),
(39, 'vtemc1abd89n37rn3vlt68glg7', 'US', 'United States', 4),
(40, '66otpg7cifvuan8jdgfm4rs9v4', 'US', 'United States', 4),
(41, 'kvc05muajgvo9ol9mrakb37qu0', 'US', 'United States', 4),
(42, 'poieasg5l34ao1fgngv8c0jap0', 'US', 'United States', 4),
(43, 'atokta2g0u9rg039huf8fo9b22', 'US', 'United States', 4),
(44, 'i1f7238ac8mmo2q8jduji25l30', 'US', 'United States', 1),
(45, 'bla9i7i1f08pmf7dqu24hf7ig3', 'US', 'United States', 1),
(46, '0uagbhjttrq0j10plt1emkhrf6', 'US', 'United States', 1),
(47, 'dht9h1lmlgammafiko9sib8kl6', 'US', 'United States', 1),
(48, 'plmld9ptd5o93bb8gkn2gbb3r1', 'US', 'United States', 1),
(49, 'lsb1s5kn5et1i5k50ise7gku41', 'US', 'United States', 1),
(50, '2fmp4pa7uuj8uhvbj9bpbo1102', 'US', 'United States', 1),
(51, 'bebb77s2uv3c6ns6hunjvnjb55', 'US', 'United States', 1),
(52, 'dsviobsha2n58m7b4jfa216l97', 'US', 'United States', 1),
(53, 'qfo2q3crcqda4c6qe485spclk3', 'US', 'United States', 0),
(54, '62a3u4t35uodbgh21ql93p3rs0', 'US', 'United States', 1),
(55, 'cgemqss32cob21mbri7tpbsfa4', 'US', 'United States', 1),
(56, 'cnmuv5n0gjdc7hdi1eeijtghc2', 'US', 'United States', 1),
(57, 'io2hj5oqpugr7bp4v15gn1shm2', 'US', 'United States', 1),
(58, 'nbhagovartikob0hlm2mghdhe5', 'US', 'United States', 1),
(59, '51qgbikue8oandi3l73qq682m3', 'US', 'United States', 1),
(60, '2v7ql9703sm4nuvr7fu7fqsqa5', 'US', 'United States', 1),
(61, '37flbigrqu3aqlm6e3hubvisk5', 'US', 'United States', 1),
(62, '5h51odcm30qkviujtm4c57fjh3', 'US', 'United States', 1),
(63, '75ef6q4h13msb797hduph2mdr2', 'US', 'United States', 1),
(64, 'k00rkd590b80s43kcfb2h91u03', 'US', 'United States', 1),
(65, 'lr4s1nqbmmbpk53000c99d12v1', 'US', 'United States', 4),
(66, '4m95j0q6lau6rghunj0ag617t5', 'US', 'United States', 1),
(67, 'q1i7ilvbgh8b5ebbcl6cevivq7', 'US', 'United States', 1),
(68, 'ol9d3hcn7117hkf5mvlo5197c5', 'US', 'United States', 1),
(69, '1q8f813b6d3bauf377kn6op6b5', 'US', 'United States', 1),
(70, 'uo3ri3pb7efcjgos8h61bugfm6', 'US', 'United States', 1),
(71, 'uq1itlvltspuvvvqe92t171b74', 'US', 'United States', 1),
(72, 'arici4jr0ohps6alvblgb4i8u2', 'US', 'United States', 1),
(73, 'aq124s2acb34ma1r7snmp63171', 'US', 'United States', 1),
(74, 'pu4b90dq7gokilm2topk2159t6', 'US', 'United States', 1),
(75, 'jcb4t6e8d61kq38lq9bun2vus4', 'US', 'United States', 1),
(76, '6tnmkg4ra63gkpe2f57uf7i3c7', 'US', 'United States', 1),
(77, 'h6b4q885e9unvt59d8kmnobir6', 'US', 'United States', 1),
(78, 'o58ge9kdavsv0bohvmef9nh873', 'US', 'United States', 1),
(79, '7uq39mf5iotl2d1ifrejvk2vi6', 'US', 'United States', 1),
(80, 'ub1g7pt549tac038k6vuncflp4', 'US', 'United States', 1),
(81, 'b59d2j7a5car9rlqb2o1p8jlo6', 'US', 'United States', 4),
(82, '7r1pm2egq19govueef8eadp003', 'US', 'United States', 4),
(83, '0vapopkaeohuf71nbbgv72d3v0', 'US', 'United States', 4),
(84, 'tf7r47s0nhtg0s9bt9cc2mfri2', 'US', 'United States', 4),
(85, 'lsounftiu2fraccgpnk9po8co7', 'US', 'United States', 4),
(86, 'ognarlanqi5cbkf91pgm8sbtd3', 'US', 'United States', 1),
(87, 'hr79kd97a38gqsklbb4ceagaa7', 'US', 'United States', 1),
(88, 'dmlj4e5b9qjk3r1f83c1eno5j4', 'US', 'United States', 1),
(89, 'qgv5hm2kahor0vl6l5qu3159s6', 'US', 'United States', 1),
(90, '4sq6fhqjf7rila4sjbp01om191', 'US', 'United States', 1),
(91, 'ror2oumn8t3dstfr0l4kogfpa0', 'WN', 'unknown', 4),
(92, '1jp4fdtckbfb0q1129bad84ls2', 'AU', 'Australia', 4),
(93, '73k6d1a5r375jfiak386ok56e4', 'AU', 'Australia', 6),
(94, 'vl02h3g6v51ds5uurvnb7hid31', 'US', 'United States', 6),
(95, 'cl7kojs9f06e9j5bd36o7l0fc0', 'US', 'United States', 6),
(96, '0sj6lc2vh38r22mbv2gu8acdu4', 'US', 'United States', 6),
(97, 'v2sllnt9hdlk26kctd73ffttb2', 'IN', 'India', 6),
(98, 'akck0kun5rp4otkovji6vds6e0', 'IN', 'India', 6),
(99, 'm9a9baem742nquluhk28olcfi4', 'IN', 'India', 6),
(100, '1go1so3k1v6jvj0f4c9q997ve7', 'IN', 'India', 6),
(101, 'ff71uban1hbqb0bvm6tr1m8446', 'IN', 'India', 6),
(102, '263uf4dgj10eoc9alqen3ovnd1', 'IN', 'India', 6),
(103, '203atk8r5hcrlvtcv5i9golis3', 'IN', 'India', 1),
(104, 'pcj47u2g3jbkm7bmsnsu07v4s3', 'IN', 'India', 4),
(105, 'schb6ilschnmtvv0qtid804454', 'IN', 'India', 4),
(106, 'km9kv6cdtcsa5r8n679msmann5', 'IN', 'India', 4),
(107, 'rvh6eljrbt36qhdbdt75g4hc97', 'IN', 'India', 4),
(108, '39pej3fl5k2vcmr5q5tvidg6j1', 'IN', 'India', 4),
(109, 'oai9gsg4e9almh3s8cggpqfc03', 'IN', 'India', 4),
(110, 'o13tcp2buf5vlcnh772mf7fq05', 'IN', 'India', 4),
(111, 'afsmj295b0sh9v8fu164aqpi74', 'IN', 'India', 4),
(112, 'mt6f1f70l3n0c95m5ahdrk78n0', 'IN', 'India', 4);
